subject,level,obj_ID,order
1,_level_1,32,1
1,_level_1,30,2
1,_level_1,23,3
1,_level_1,19,4
1,_level_1,18,5
1,_level_1,20,6
1,_level_1,22,7
1,_level_1,26,8
1,_level_1,29,9
1,_level_1,31,10
1,_level_1,34,11
1,_level_1,17,12
1,_level_1,15,13
1,_level_1,13,14
1,_level_1,10,15
1,_level_1,6,16
1,_level_1,2,17
1,_level_1,5,18
1,_level_1,9,19
1,_level_1,12,20
1,_level_1,8,21
1,_level_1,34,22
1,_level_1,32,23
1,_level_1,30,24
1,_level_1,27,25
1,_level_1,23,26
1,_level_1,22,27
1,_level_1,25,28
1,_level_1,29,29
1,_level_1,26,30
1,_level_1,19,31
1,_level_1,18,32
1,_level_1,20,33
1,_level_1,31,34
1,_level_1,17,35
1,_level_1,15,36
1,_level_1,13,37
1,_level_1,10,38
1,_level_1,6,39
1,_level_1,5,40
1,_level_1,8,41
1,_level_1,12,42
1,_level_1,14,43
1,_level_1,34,44
1,_level_1,32,45
1,_level_1,33,46
1,_level_1,30,47
1,_level_1,27,48
1,_level_1,23,49
1,_level_1,21,50
1,_level_1,19,51
1,_level_1,20,52
1,_level_1,22,53
1,_level_1,26,54
1,_level_1,29,55
1,_level_1,17,56
1,_level_1,15,57
1,_level_1,9,58
1,_level_1,13,59
1,_level_1,6,60
1,_level_1,2,61
1,_level_1,5,62
1,_level_1,8,63
1,_level_1,12,64
1,_level_1,30,65
1,_level_1,27,66
1,_level_1,23,67
1,_level_1,21,68
1,_level_1,18,69
1,_level_1,20,70
1,_level_1,22,71
1,_level_1,19,72
1,_level_1,26,73
1,_level_1,29,74
1,_level_1,32,75
1,_level_1,34,76
1,_level_1,17,77
1,_level_1,15,78
1,_level_1,13,79
1,_level_1,10,80
1,_level_1,6,81
1,_level_1,2,82
1,_level_1,5,83
1,_level_1,9,84
1,_level_1,12,85
1,_level_1,8,86
1,_level_1,14,87
1,_level_1,34,88
1,_level_1,32,89
1,_level_1,30,90
1,_level_1,27,91
1,_level_1,21,92
1,_level_1,19,93
1,_level_1,22,94
1,_level_1,26,95
1,_level_1,29,96
1,_level_1,25,97
1,_level_1,17,98
1,_level_1,15,99
1,_level_1,13,100
1,_level_1,13,101
1,_level_1,10,102
1,_level_1,6,103
1,_level_1,2,104
1,_level_1,3,105
1,_level_1,5,106
1,_level_1,9,107
1,_level_1,12,108
1,_level_1,14,109
1,_level_1,34,110
1,_level_1,32,111
1,_level_1,30,112
1,_level_1,27,113
1,_level_1,23,114
1,_level_1,19,115
1,_level_1,20,116
1,_level_1,22,117
1,_level_1,26,118
1,_level_1,29,119
1,_level_1,17,120
1,_level_1,15,121
1,_level_1,13,122
1,_level_1,16,123
1,_level_1,10,124
1,_level_1,6,125
1,_level_1,2,126
1,_level_1,5,127
1,_level_1,8,128
1,_level_1,12,129
1,_level_1,9,130
1,_level_1,34,131
1,_level_1,32,132
1,_level_1,30,133
1,_level_1,27,134
1,_level_1,21,135
1,_level_1,18,136
1,_level_1,19,137
1,_level_1,23,138
1,_level_1,26,139
1,_level_1,25,140
1,_level_1,29,141
1,_level_1,17,142
1,_level_1,15,143
1,_level_1,13,144
1,_level_1,16,145
1,_level_1,10,146
1,_level_1,6,147
1,_level_1,2,148
1,_level_1,5,149
1,_level_1,12,150
1,_level_1,34,151
1,_level_1,32,152
1,_level_1,30,153
1,_level_1,27,154
1,_level_1,21,155
1,_level_1,19,156
1,_level_1,22,157
1,_level_1,26,158
1,_level_1,29,159
1,_level_1,17,160
1,_level_1,15,161
1,_level_1,13,162
1,_level_1,10,163
1,_level_1,6,164
1,_level_1,2,165
1,_level_1,5,166
1,_level_1,9,167
1,_level_1,12,168
1,_level_1,34,169
1,_level_1,32,170
1,_level_1,30,171
1,_level_1,27,172
1,_level_1,23,173
1,_level_1,21,174
1,_level_1,18,175
1,_level_1,20,176
1,_level_1,19,177
1,_level_1,19,178
1,_level_1,26,179
1,_level_1,29,180
1,_level_1,17,181
1,_level_1,15,182
1,_level_1,13,183
1,_level_1,10,184
1,_level_1,6,185
1,_level_1,2,186
1,_level_1,5,187
1,_level_1,12,188
1,_level_1,9,189
1,_level_1,34,190
1,_level_1,32,191
1,_level_1,30,192
1,_level_1,27,193
1,_level_1,21,194
1,_level_1,18,195
1,_level_1,19,196
1,_level_1,23,197
1,_level_1,26,198
1,_level_1,25,199
1,_level_1,29,200
1,_level_1,17,201
1,_level_1,15,202
1,_level_1,13,203
1,_level_1,10,204
1,_level_1,6,205
1,_level_1,2,206
1,_level_1,5,207
1,_level_1,9,208
1,_level_1,12,209
1,_level_1,8,210
1,_level_1,34,211
1,_level_1,32,212
1,_level_1,30,213
1,_level_1,27,214
1,_level_1,23,215
1,_level_1,23,216
1,_level_1,19,217
1,_level_1,18,218
1,_level_1,20,219
1,_level_1,22,220
1,_level_1,25,221
1,_level_1,29,222
1,_level_1,17,223
1,_level_1,15,224
1,_level_1,13,225
1,_level_1,10,226
1,_level_1,6,227
1,_level_1,2,228
1,_level_1,5,229
1,_level_1,8,230
1,_level_1,12,231
1,_level_1,14,232
1,_level_1,34,233
1,_level_1,32,234
1,_level_1,33,235
1,_level_1,30,236
1,_level_1,27,237
1,_level_1,26,238
1,_level_1,23,239
1,_level_1,21,240
1,_level_1,18,241
1,_level_1,19,242
1,_level_1,22,243
1,_level_1,25,244
1,_level_1,29,245
1,_level_1,31,246
1,_level_1,17,247
1,_level_1,15,248
1,_level_1,13,249
1,_level_1,10,250
1,_level_1,6,251
1,_level_1,5,252
1,_level_1,8,253
1,_level_1,12,254
1,_level_1,9,255
1,_level_1,2,256
1,_level_1,3,257
1,_level_1,1,258
1,_level_1,4,259
1,_level_1,16,260
1,_level_1,34,261
1,_level_1,32,262
1,_level_1,30,263
1,_level_1,27,264
1,_level_1,21,265
1,_level_1,18,266
1,_level_1,19,267
1,_level_1,23,268
1,_level_1,26,269
1,_level_1,25,270
1,_level_1,29,271
1,_level_1,17,272
1,_level_1,15,273
1,_level_1,13,274
1,_level_1,10,275
1,_level_1,6,276
1,_level_1,2,277
1,_level_1,5,278
1,_level_1,9,279
1,_level_1,12,280
1,_level_1,8,281
1,_level_1,14,282
1,_level_1,34,283
1,_level_1,32,284
1,_level_1,30,285
1,_level_1,27,286
1,_level_1,21,287
1,_level_1,19,288
1,_level_1,23,289
1,_level_1,26,290
1,_level_1,25,291
1,_level_1,22,292
1,_level_1,29,293
1,_level_1,31,294
1,_level_1,17,295
1,_level_1,15,296
1,_level_1,13,297
1,_level_1,10,298
1,_level_1,6,299
1,_level_1,2,300
1,_level_1,5,301
1,_level_1,9,302
1,_level_1,12,303
1,_level_1,8,304
1,_level_1,34,305
1,_level_1,32,306
1,_level_1,30,307
1,_level_1,27,308
1,_level_1,23,309
1,_level_1,19,310
1,_level_1,22,311
1,_level_1,26,312
1,_level_1,29,313
1,_level_1,25,314
1,_level_1,17,315
1,_level_1,15,316
1,_level_1,13,317
1,_level_1,10,318
1,_level_1,6,319
1,_level_1,2,320
1,_level_1,5,321
1,_level_1,8,322
1,_level_1,12,323
1,_level_1,34,324
1,_level_1,32,325
1,_level_1,30,326
1,_level_1,27,327
1,_level_1,23,328
1,_level_1,19,329
1,_level_1,22,330
1,_level_1,20,331
1,_level_1,26,332
1,_level_1,29,333
1,_level_1,17,334
1,_level_1,15,335
1,_level_1,13,336
1,_level_1,10,337
1,_level_1,6,338
1,_level_1,2,339
1,_level_1,5,340
1,_level_1,9,341
1,_level_1,12,342
1,_level_1,14,343
1,_level_1,8,344
1,_level_1,7,345
1,_level_1,41,346
1,_level_1,42,347
1,_level_1,43,348
1,_level_1,39,349
1,_level_1,36,350
1,_level_2,34,1
1,_level_2,32,2
1,_level_2,31,3
1,_level_2,25,4
1,_level_2,24,5
1,_level_2,20,6
1,_level_2,58,7
1,_level_2,59,8
1,_level_2,63,9
1,_level_2,65,10
1,_level_2,66,11
1,_level_2,68,12
1,_level_2,51,13
1,_level_2,49,14
1,_level_2,48,15
1,_level_2,42,16
1,_level_2,41,17
1,_level_2,7,18
1,_level_2,8,19
1,_level_2,14,20
1,_level_2,12,21
1,_level_2,15,22
1,_level_2,17,23
1,_level_2,34,24
1,_level_2,32,25
1,_level_2,31,26
1,_level_2,31,27
1,_level_2,25,28
1,_level_2,24,29
1,_level_2,58,30
1,_level_2,59,31
1,_level_2,63,32
1,_level_2,65,33
1,_level_2,66,34
1,_level_2,68,35
1,_level_2,51,36
1,_level_2,49,37
1,_level_2,48,38
1,_level_2,48,39
1,_level_2,42,40
1,_level_2,41,41
1,_level_2,7,42
1,_level_2,8,43
1,_level_2,12,44
1,_level_2,12,45
1,_level_2,15,46
1,_level_2,17,47
1,_level_2,34,48
1,_level_2,32,49
1,_level_2,29,50
1,_level_2,31,51
1,_level_2,25,52
1,_level_2,24,53
1,_level_2,58,54
1,_level_2,59,55
1,_level_2,63,56
1,_level_2,65,57
1,_level_2,66,58
1,_level_2,68,59
1,_level_2,51,60
1,_level_2,49,61
1,_level_2,48,62
1,_level_2,48,63
1,_level_2,42,64
1,_level_2,41,65
1,_level_2,7,66
1,_level_2,8,67
1,_level_2,12,68
1,_level_2,14,69
1,_level_2,15,70
1,_level_2,17,71
1,_level_2,34,72
1,_level_2,32,73
1,_level_2,29,74
1,_level_2,31,75
1,_level_2,25,76
1,_level_2,24,77
1,_level_2,58,78
1,_level_2,59,79
1,_level_2,63,80
1,_level_2,65,81
1,_level_2,66,82
1,_level_2,68,83
1,_level_2,51,84
1,_level_2,49,85
1,_level_2,48,86
1,_level_2,46,87
1,_level_2,42,88
1,_level_2,41,89
1,_level_2,7,90
1,_level_2,8,91
1,_level_2,12,92
1,_level_2,14,93
1,_level_2,15,94
1,_level_2,17,95
1,_level_2,34,96
1,_level_2,32,97
1,_level_2,29,98
1,_level_2,31,99
1,_level_2,25,100
1,_level_2,24,101
1,_level_2,58,102
1,_level_2,59,103
1,_level_2,63,104
1,_level_2,65,105
1,_level_2,66,106
1,_level_2,68,107
1,_level_2,51,108
1,_level_2,49,109
1,_level_2,48,110
1,_level_2,46,111
1,_level_2,42,112
1,_level_2,41,113
1,_level_2,7,114
1,_level_2,8,115
1,_level_2,12,116
1,_level_2,12,117
1,_level_2,15,118
1,_level_2,17,119
1,_level_2,34,120
1,_level_2,32,121
1,_level_2,31,122
1,_level_2,29,123
1,_level_2,25,124
1,_level_2,24,125
1,_level_2,58,126
1,_level_2,59,127
1,_level_2,65,128
1,_level_2,65,129
1,_level_2,66,130
1,_level_2,68,131
1,_level_2,51,132
1,_level_2,49,133
1,_level_2,48,134
1,_level_2,46,135
1,_level_2,42,136
1,_level_2,41,137
1,_level_2,7,138
1,_level_2,8,139
1,_level_2,14,140
1,_level_2,15,141
1,_level_2,17,142
1,_level_2,34,143
1,_level_2,32,144
1,_level_2,31,145
1,_level_2,31,146
1,_level_2,25,147
1,_level_2,24,148
1,_level_2,58,149
1,_level_2,59,150
1,_level_2,63,151
1,_level_2,66,152
1,_level_2,68,153
1,_level_2,51,154
1,_level_2,49,155
1,_level_2,46,156
1,_level_2,48,157
1,_level_2,42,158
1,_level_2,41,159
1,_level_2,7,160
1,_level_2,8,161
1,_level_2,12,162
1,_level_2,12,163
1,_level_2,15,164
1,_level_2,17,165
1,_level_2,34,166
1,_level_2,32,167
1,_level_2,29,168
1,_level_2,31,169
1,_level_2,25,170
1,_level_2,24,171
1,_level_2,58,172
1,_level_2,59,173
1,_level_2,65,174
1,_level_2,63,175
1,_level_2,66,176
1,_level_2,68,177
1,_level_2,51,178
1,_level_2,49,179
1,_level_2,48,180
1,_level_2,46,181
1,_level_2,42,182
1,_level_2,41,183
1,_level_2,7,184
1,_level_2,8,185
1,_level_2,14,186
1,_level_2,12,187
1,_level_2,15,188
1,_level_2,17,189
1,_level_2,34,190
1,_level_2,32,191
1,_level_2,29,192
1,_level_2,29,193
1,_level_2,25,194
1,_level_2,24,195
1,_level_2,58,196
1,_level_2,59,197
1,_level_2,65,198
1,_level_2,63,199
1,_level_2,66,200
1,_level_2,68,201
1,_level_2,51,202
1,_level_2,49,203
1,_level_2,48,204
1,_level_2,46,205
1,_level_2,42,206
1,_level_2,41,207
1,_level_2,48,208
1,_level_2,42,209
1,_level_2,41,210
1,_level_3,1,1
1,_level_3,2,2
1,_level_3,4,3
1,_level_3,11,4
1,_level_3,10,5
1,_level_3,6,6
1,_level_3,45,7
1,_level_3,44,8
1,_level_3,40,9
1,_level_3,38,10
1,_level_3,36,11
1,_level_3,35,12
1,_level_3,37,13
1,_level_3,39,14
1,_level_3,43,15
1,_level_3,47,16
1,_level_3,50,17
1,_level_3,16,18
1,_level_3,10,19
1,_level_3,10,20
1,_level_3,6,21
1,_level_3,4,22
1,_level_3,2,23
1,_level_3,1,24
1,_level_3,3,25
1,_level_3,5,26
1,_level_3,9,27
1,_level_3,12,28
1,_level_3,15,29
1,_level_3,17,30
1,_level_3,51,31
1,_level_3,50,32
1,_level_3,44,33
1,_level_3,45,34
1,_level_3,40,35
1,_level_3,38,36
1,_level_3,35,37
1,_level_3,36,38
1,_level_3,43,39
1,_level_3,46,40
1,_level_3,49,41
1,_level_3,17,42
1,_level_3,15,43
1,_level_3,12,44
1,_level_3,9,45
1,_level_3,5,46
1,_level_3,3,47
1,_level_3,2,48
1,_level_3,1,49
1,_level_3,4,50
1,_level_3,6,51
1,_level_3,10,52
1,_level_3,11,53
1,_level_3,16,54
1,_level_3,50,55
1,_level_3,45,56
1,_level_3,45,57
1,_level_3,38,58
1,_level_3,40,59
1,_level_3,36,60
1,_level_3,35,61
1,_level_3,37,62
1,_level_3,39,63
1,_level_3,43,64
1,_level_3,46,65
1,_level_3,49,66
1,_level_3,51,67
1,_level_3,17,68
1,_level_3,15,69
1,_level_3,12,70
1,_level_3,9,71
1,_level_3,8,72
1,_level_3,5,73
1,_level_3,3,74
1,_level_3,2,75
1,_level_3,1,76
1,_level_3,4,77
1,_level_3,6,78
1,_level_3,10,79
1,_level_3,11,80
1,_level_3,13,81
1,_level_3,16,82
1,_level_3,50,83
1,_level_3,44,84
1,_level_3,38,85
1,_level_3,45,86
1,_level_3,35,87
1,_level_3,35,88
1,_level_3,37,89
1,_level_3,39,90
1,_level_3,43,91
1,_level_3,40,92
1,_level_3,47,93
1,_level_3,46,94
1,_level_3,51,95
1,_level_3,51,96
1,_level_3,17,97
1,_level_3,15,98
1,_level_3,12,99
1,_level_3,9,100
1,_level_3,5,101
1,_level_3,3,102
1,_level_3,1,103
1,_level_3,2,104
1,_level_3,6,105
1,_level_3,10,106
1,_level_3,11,107
1,_level_3,4,108
1,_level_3,13,109
1,_level_3,16,110
1,_level_3,50,111
1,_level_3,45,112
1,_level_3,44,113
1,_level_3,40,114
1,_level_3,38,115
1,_level_3,36,116
1,_level_3,35,117
1,_level_3,37,118
1,_level_3,39,119
1,_level_3,43,120
1,_level_3,46,121
1,_level_3,49,122
1,_level_3,51,123
1,_level_3,15,124
1,_level_3,9,125
1,_level_3,12,126
1,_level_3,5,127
1,_level_3,3,128
1,_level_3,1,129
1,_level_3,1,130
1,_level_3,4,131
1,_level_3,4,132
1,_level_3,10,133
1,_level_3,11,134
1,_level_3,13,135
1,_level_3,13,136
1,_level_3,50,137
1,_level_3,44,138
1,_level_3,45,139
1,_level_3,38,140
1,_level_3,35,141
1,_level_3,37,142
1,_level_3,39,143
1,_level_3,36,144
1,_level_3,40,145
1,_level_3,43,146
1,_level_3,46,147
1,_level_3,49,148
1,_level_3,51,149
1,_level_3,17,150
1,_level_3,15,151
1,_level_3,13,152
1,_level_3,9,153
1,_level_3,5,154
1,_level_3,2,155
1,_level_3,1,156
1,_level_3,4,157
1,_level_3,10,158
1,_level_3,16,159
1,_level_3,50,160
1,_level_3,44,161
1,_level_3,44,162
1,_level_3,40,163
1,_level_3,38,164
1,_level_3,35,165
1,_level_3,36,166
1,_level_3,39,167
1,_level_3,43,168
1,_level_3,47,169
1,_level_3,49,170
1,_level_3,51,171
1,_level_3,16,172
1,_level_3,13,173
1,_level_3,9,174
1,_level_3,5,175
1,_level_3,3,176
1,_level_3,2,177
1,_level_3,1,178
1,_level_3,4,179
1,_level_3,6,180
1,_level_3,10,181
1,_level_3,11,182
1,_level_3,50,183
1,_level_3,45,184
1,_level_3,44,185
1,_level_3,40,186
1,_level_3,40,187
1,_level_3,36,188
1,_level_3,35,189
1,_level_3,37,190
1,_level_3,39,191
1,_level_3,43,192
1,_level_3,46,193
1,_level_3,49,194
1,_level_3,51,195
1,_level_3,16,196
1,_level_3,15,197
1,_level_3,15,198
1,_level_3,12,199
1,_level_3,12,200
1,_level_3,8,201
1,_level_3,8,202
1,_level_3,3,203
1,_level_3,1,204
1,_level_3,2,205
1,_level_3,6,206
1,_level_3,4,207
1,_level_3,10,208
1,_level_3,11,209
1,_level_3,45,210
1,_level_3,44,211
1,_level_3,40,212
1,_level_3,38,213
1,_level_3,36,214
1,_level_3,35,215
1,_level_3,37,216
1,_level_3,39,217
1,_level_3,43,218
1,_level_3,47,219
1,_level_3,49,220
1,_level_3,16,221
1,_level_3,13,222
1,_level_3,9,223
1,_level_3,5,224
1,_level_3,3,225
1,_level_3,1,226
1,_level_3,2,227
1,_level_3,6,228
1,_level_3,10,229
1,_level_3,11,230
1,_level_3,4,231
1,_level_3,45,232
1,_level_3,44,233
1,_level_3,38,234
1,_level_3,40,235
1,_level_3,36,236
1,_level_3,35,237
1,_level_3,37,238
1,_level_3,39,239
1,_level_3,43,240
1,_level_3,47,241
1,_level_3,50,242
1,_level_3,13,243
1,_level_3,9,244
1,_level_3,5,245
1,_level_3,3,246
1,_level_3,1,247
1,_level_3,2,248
1,_level_3,6,249
1,_level_3,4,250
1,_level_3,10,251
1,_level_3,11,252
1,_level_3,16,253
1,_level_3,50,254
1,_level_3,45,255
1,_level_3,44,256
1,_level_3,38,257
1,_level_3,40,258
1,_level_3,36,259
1,_level_3,35,260
1,_level_3,37,261
1,_level_3,39,262
1,_level_3,43,263
1,_level_3,47,264
1,_level_3,49,265
1,_level_3,51,266
1,_level_3,16,267
1,_level_3,13,268
1,_level_3,9,269
1,_level_3,12,270
1,_level_3,5,271
1,_level_3,3,272
1,_level_3,1,273
1,_level_3,2,274
1,_level_3,4,275
1,_level_3,6,276
1,_level_3,10,277
1,_level_3,11,278
1,_level_3,50,279
1,_level_3,45,280
1,_level_3,44,281
1,_level_3,40,282
1,_level_3,38,283
1,_level_3,36,284
1,_level_3,35,285
1,_level_3,37,286
1,_level_3,39,287
1,_level_3,43,288
1,_level_3,47,289
1,_level_3,15,290
1,_level_3,16,291
1,_level_3,15,292
1,_level_3,9,293
1,_level_3,12,294
1,_level_3,8,295
1,_level_3,8,296
1,_level_3,3,297
1,_level_3,1,298
1,_level_3,2,299
1,_level_3,4,300
1,_level_3,6,301
1,_level_3,10,302
1,_level_3,11,303
1,_level_3,50,304
1,_level_3,47,305
1,_level_3,44,306
1,_level_3,45,307
1,_level_4,36,1
1,_level_4,38,2
1,_level_4,35,3
1,_level_4,33,4
1,_level_4,11,5
1,_level_4,10,6
1,_level_4,4,7
1,_level_4,3,8
1,_level_4,1,9
1,_level_4,5,10
1,_level_4,9,11
1,_level_4,13,12
1,_level_4,15,13
1,_level_4,12,14
1,_level_4,33,15
1,_level_4,35,16
1,_level_4,36,17
1,_level_4,38,18
1,_level_4,42,19
1,_level_4,41,20
1,_level_4,50,21
1,_level_4,48,22
1,_level_4,51,23
1,_level_4,53,24
1,_level_4,49,25
1,_level_4,57,26
1,_level_4,58,27
1,_level_4,56,28
1,_level_4,59,29
1,_level_4,62,30
1,_level_4,18,31
1,_level_4,20,32
1,_level_4,21,33
1,_level_4,23,34
1,_level_4,26,35
1,_level_4,27,36
1,_level_4,2,37
1,_level_4,1,38
1,_level_4,1,39
1,_level_4,4,40
1,_level_4,4,41
1,_level_4,10,42
1,_level_4,11,43
1,_level_4,13,44
1,_level_4,9,45
1,_level_4,12,46
1,_level_4,15,47
1,_level_4,33,48
1,_level_4,35,49
1,_level_4,36,50
1,_level_4,42,51
1,_level_4,50,52
1,_level_4,48,53
1,_level_4,49,54
1,_level_4,51,55
1,_level_4,53,56
1,_level_4,57,57
1,_level_4,58,58
1,_level_4,60,59
1,_level_4,56,60
1,_level_4,59,61
1,_level_4,62,62
1,_level_4,64,63
1,_level_4,18,64
1,_level_4,21,65
1,_level_4,27,66
1,_level_4,1,67
1,_level_4,3,68
1,_level_4,6,69
1,_level_4,10,70
1,_level_4,11,71
1,_level_4,4,72
1,_level_4,5,73
1,_level_4,9,74
1,_level_4,13,75
1,_level_4,15,76
1,_level_4,14,77
1,_level_4,12,78
1,_level_4,33,79
1,_level_4,36,80
1,_level_4,42,81
1,_level_4,48,82
1,_level_4,49,83
1,_level_4,53,84
1,_level_4,51,85
1,_level_4,57,86
1,_level_4,58,87
1,_level_4,63,88
1,_level_4,60,89
1,_level_4,56,90
1,_level_4,59,91
1,_level_4,62,92
1,_level_4,18,93
1,_level_4,21,94
1,_level_4,27,95
1,_level_4,1,96
1,_level_4,3,97
1,_level_4,6,98
1,_level_4,10,99
1,_level_4,11,100
1,_level_4,4,101
1,_level_4,9,102
1,_level_4,13,103
1,_level_4,16,104
1,_level_4,33,105
1,_level_4,35,106
1,_level_4,36,107
1,_level_4,38,108
1,_level_4,41,109
1,_level_4,42,110
1,_level_4,48,111
1,_level_4,49,112
1,_level_4,53,113
1,_level_4,51,114
1,_level_4,57,115
1,_level_4,58,116
1,_level_4,60,117
1,_level_4,56,118
1,_level_4,52,119
1,_level_4,55,120
1,_level_4,59,121
1,_level_4,62,122
1,_level_4,18,123
1,_level_4,21,124
1,_level_4,27,125
1,_level_4,2,126
1,_level_4,1,127
1,_level_4,3,128
1,_level_4,6,129
1,_level_4,4,130
1,_level_4,10,131
1,_level_4,11,132
1,_level_4,16,133
1,_level_4,13,134
1,_level_4,15,135
1,_level_4,9,136
1,_level_4,12,137
1,_level_4,17,138
1,_level_4,33,139
1,_level_4,35,140
1,_level_4,36,141
1,_level_4,42,142
1,_level_4,48,143
1,_level_4,49,144
1,_level_4,51,145
1,_level_4,53,146
1,_level_4,57,147
1,_level_4,58,148
1,_level_4,60,149
1,_level_4,56,150
1,_level_4,55,151
1,_level_4,55,152
1,_level_4,62,153
1,_level_4,18,154
1,_level_4,21,155
1,_level_4,27,156
1,_level_4,2,157
1,_level_4,1,158
1,_level_4,3,159
1,_level_4,6,160
1,_level_4,6,161
1,_level_4,10,162
1,_level_4,11,163
1,_level_4,33,164
1,_level_4,36,165
1,_level_4,42,166
1,_level_4,48,167
1,_level_4,49,168
1,_level_4,51,169
1,_level_4,53,170
1,_level_4,57,171
1,_level_4,58,172
1,_level_4,60,173
1,_level_4,63,174
1,_level_4,18,175
1,_level_4,21,176
1,_level_4,27,177
1,_level_4,2,178
1,_level_4,1,179
1,_level_4,3,180
1,_level_4,4,181
1,_level_4,6,182
1,_level_4,10,183
1,_level_4,11,184
1,_level_4,16,185
1,_level_4,13,186
1,_level_4,33,187
1,_level_4,36,188
1,_level_4,42,189
1,_level_4,48,190
1,_level_4,49,191
1,_level_4,51,192
1,_level_4,53,193
1,_level_4,57,194
1,_level_4,58,195
1,_level_4,18,196
1,_level_4,21,197
1,_level_4,27,198
1,_level_4,3,199
1,_level_4,4,200
1,_level_4,1,201
1,_level_4,6,202
1,_level_4,10,203
1,_level_4,11,204
1,_level_4,33,205
1,_level_4,36,206
1,_level_4,42,207
1,_level_4,48,208
1,_level_4,49,209
1,_level_4,53,210
1,_level_4,51,211
1,_level_4,57,212
1,_level_4,58,213
1,_level_4,18,214
1,_level_4,21,215
1,_level_4,27,216
1,_level_4,1,217
1,_level_4,3,218
1,_level_4,6,219
1,_level_4,10,220
1,_level_4,11,221
1,_level_4,4,222
1,_level_4,9,223
1,_level_4,13,224
1,_level_4,16,225
1,_level_4,33,226
1,_level_4,36,227
1,_level_4,42,228
1,_level_4,48,229
1,_level_4,49,230
1,_level_4,51,231
1,_level_4,53,232
1,_level_4,57,233
1,_level_4,58,234
1,_level_4,18,235
1,_level_4,21,236
1,_level_4,27,237
1,_level_4,3,238
1,_level_4,6,239
1,_level_4,9,240
1,_level_4,1,241
1,_level_4,4,242
1,_level_4,11,243
1,_level_4,10,244
1,_level_4,13,245
1,_level_4,16,246
1,_level_4,33,247
1,_level_4,36,248
1,_level_4,42,249
1,_level_4,50,250
1,_level_4,49,251
1,_level_4,50,252
1,_level_4,49,253
1,_level_5,12,1
1,_level_5,8,2
1,_level_5,5,3
1,_level_5,3,4
1,_level_5,6,5
1,_level_5,9,6
1,_level_5,13,7
1,_level_5,15,8
1,_level_5,16,9
1,_level_5,34,10
1,_level_5,32,11
1,_level_5,30,12
1,_level_5,27,13
1,_level_5,23,14
1,_level_5,26,15
1,_level_5,29,16
1,_level_5,19,17
1,_level_5,22,18
1,_level_5,25,19
1,_level_5,24,20
1,_level_5,53,21
1,_level_5,56,22
1,_level_5,54,23
1,_level_5,57,24
1,_level_5,61,25
1,_level_5,64,26
1,_level_5,60,27
1,_level_5,59,28
1,_level_5,63,29
1,_level_5,66,30
1,_level_5,68,31
1,_level_5,51,32
1,_level_5,49,33
1,_level_5,47,34
1,_level_5,44,35
1,_level_5,40,36
1,_level_5,36,37
1,_level_5,39,38
1,_level_5,43,39
1,_level_5,46,40
1,_level_5,42,41
1,_level_5,41,42
1,_level_5,2,43
1,_level_5,5,44
1,_level_5,12,45
1,_level_5,9,46
1,_level_5,13,47
1,_level_5,10,48
1,_level_5,6,49
1,_level_5,3,50
1,_level_5,8,51
1,_level_5,15,52
1,_level_5,17,53
1,_level_5,34,54
1,_level_5,32,55
1,_level_5,30,56
1,_level_5,27,57
1,_level_5,23,58
1,_level_5,26,59
1,_level_5,29,60
1,_level_5,25,61
1,_level_5,22,62
1,_level_5,19,63
1,_level_5,18,64
1,_level_5,20,65
1,_level_5,24,66
1,_level_5,53,67
1,_level_5,54,68
1,_level_5,54,69
1,_level_5,57,70
1,_level_5,57,71
1,_level_5,61,72
1,_level_5,61,73
1,_level_5,66,74
1,_level_5,63,75
1,_level_5,65,76
1,_level_5,51,77
1,_level_5,49,78
1,_level_5,47,79
1,_level_5,44,80
1,_level_5,40,81
1,_level_5,36,82
1,_level_5,39,83
1,_level_5,42,84
1,_level_5,48,85
1,_level_5,46,86
1,_level_5,43,87
1,_level_5,8,88
1,_level_5,5,89
1,_level_5,3,90
1,_level_5,6,91
1,_level_5,10,92
1,_level_5,13,93
1,_level_5,9,94
1,_level_5,12,95
1,_level_5,15,96
1,_level_5,34,97
1,_level_5,32,98
1,_level_5,30,99
1,_level_5,26,100
1,_level_5,27,101
1,_level_5,23,102
1,_level_5,19,103
1,_level_5,22,104
1,_level_5,25,105
1,_level_5,29,106
1,_level_5,56,107
1,_level_5,54,108
1,_level_5,57,109
1,_level_5,61,110
1,_level_5,64,111
1,_level_5,60,112
1,_level_5,59,113
1,_level_5,63,114
1,_level_5,66,115
1,_level_5,68,116
1,_level_5,51,117
1,_level_5,49,118
1,_level_5,47,119
1,_level_5,44,120
1,_level_5,40,121
1,_level_5,36,122
1,_level_5,38,123
1,_level_5,43,124
1,_level_5,46,125
1,_level_5,42,126
1,_level_5,39,127
1,_level_5,37,128
1,_level_5,41,129
1,_level_5,2,130
1,_level_5,3,131
1,_level_5,6,132
1,_level_5,10,133
1,_level_5,13,134
1,_level_5,9,135
1,_level_5,5,136
1,_level_5,8,137
1,_level_5,12,138
1,_level_5,15,139
1,_level_5,14,140
1,_level_5,17,141
1,_level_5,34,142
1,_level_5,32,143
1,_level_5,30,144
1,_level_5,27,145
1,_level_5,23,146
1,_level_5,21,147
1,_level_5,19,148
1,_level_5,20,149
1,_level_5,22,150
1,_level_5,26,151
1,_level_5,29,152
1,_level_5,25,153
1,_level_5,24,154
1,_level_5,53,155
1,_level_5,56,156
1,_level_5,54,157
1,_level_5,57,158
1,_level_5,61,159
1,_level_5,64,160
1,_level_5,60,161
1,_level_5,63,162
1,_level_5,59,163
1,_level_5,66,164
1,_level_5,67,165
1,_level_5,51,166
1,_level_5,49,167
1,_level_5,47,168
1,_level_5,50,169
1,_level_5,44,170
1,_level_5,45,171
1,_level_5,40,172
1,_level_5,39,173
1,_level_5,43,174
1,_level_5,46,175
1,_level_5,48,176
1,_level_5,36,177
1,_level_5,37,178
1,_level_5,41,179
1,_level_5,2,180
1,_level_5,5,181
1,_level_5,3,182
1,_level_5,4,183
1,_level_5,6,184
1,_level_5,9,185
1,_level_5,13,186
1,_level_5,16,187
1,_level_5,10,188
1,_level_5,12,189
1,_level_5,8,190
1,_level_5,14,191
1,_level_5,15,192
1,_level_5,17,193
1,_level_5,34,194
1,_level_5,32,195
1,_level_5,30,196
1,_level_5,27,197
1,_level_5,23,198
1,_level_5,26,199
1,_level_5,22,200
1,_level_5,25,201
1,_level_5,29,202
1,_level_5,19,203
1,_level_5,18,204
1,_level_5,20,205
1,_level_5,24,206
1,_level_5,53,207
1,_level_5,52,208
1,_level_5,55,209
1,_level_5,62,210
1,_level_5,61,211
1,_level_5,57,212
1,_level_5,54,213
1,_level_5,56,214
1,_level_5,59,215
1,_level_5,63,216
1,_level_5,60,217
1,_level_5,64,218
1,_level_5,67,219
1,_level_5,68,220
1,_level_5,68,221
1,_level_5,51,222
1,_level_5,49,223
1,_level_5,47,224
1,_level_5,50,225
1,_level_5,44,226
1,_level_5,40,227
1,_level_5,36,228
1,_level_5,43,229
1,_level_5,46,230
1,_level_5,42,231
1,_level_5,39,232
1,_level_5,35,233
1,_level_5,37,234
1,_level_5,41,235
1,_level_5,2,236
1,_level_5,5,237
1,_level_5,8,238
1,_level_5,14,239
1,_level_5,12,240
1,_level_5,15,241
1,_level_5,13,242
1,_level_5,9,243
1,_level_5,3,244
1,_level_5,6,245
1,_level_5,10,246
1,_level_5,16,247
1,_level_5,34,248
1,_level_5,32,249
1,_level_5,30,250
1,_level_5,27,251
1,_level_5,23,252
1,_level_5,26,253
1,_level_5,29,254
1,_level_5,25,255
1,_level_5,22,256
1,_level_5,19,257
1,_level_5,18,258
1,_level_5,20,259
1,_level_5,24,260
1,_level_5,31,261
1,_level_5,58,262
1,_level_5,53,263
1,_level_5,54,264
1,_level_5,56,265
1,_level_5,59,266
1,_level_5,63,267
1,_level_5,60,268
1,_level_5,64,269
1,_level_5,57,270
1,_level_5,55,271
1,_level_5,62,272
1,_level_5,61,273
1,_level_5,66,274
1,_level_5,65,275
1,_level_5,68,276
1,_level_5,51,277
1,_level_5,49,278
1,_level_5,47,279
1,_level_5,44,280
1,_level_5,40,281
1,_level_5,43,282
1,_level_5,43,283
1,_level_5,48,284
1,_level_5,46,285
1,_level_5,42,286
1,_level_5,41,287
1,_level_5,2,288
1,_level_5,5,289
1,_level_5,3,290
1,_level_5,6,291
1,_level_5,10,292
1,_level_5,13,293
1,_level_5,9,294
1,_level_5,12,295
1,_level_5,8,296
1,_level_5,15,297
1,_level_5,17,298
1,_level_5,34,299
1,_level_5,32,300
1,_level_5,29,301
1,_level_5,30,302
1,_level_5,27,303
1,_level_5,23,304
1,_level_5,19,305
1,_level_5,22,306
1,_level_5,26,307
1,_level_5,25,308
1,_level_5,20,309
1,_level_5,24,310
1,_level_5,56,311
1,_level_5,54,312
1,_level_5,55,313
1,_level_5,57,314
1,_level_5,60,315
1,_level_5,64,316
1,_level_5,67,317
1,_level_5,68,318
1,_level_5,51,319
1,_level_5,49,320
1,_level_5,46,321
1,_level_5,43,322
1,_level_5,44,323
1,_level_5,40,324
1,_level_5,36,325
1,_level_5,39,326
1,_level_5,42,327
1,_level_5,5,328
1,_level_5,6,329
1,_level_5,10,330
1,_level_5,13,331
1,_level_5,9,332
1,_level_5,12,333
1,_level_5,8,334
1,_level_5,15,335
1,_level_5,17,336
1,_level_5,14,337
1,_level_5,34,338
1,_level_5,32,339
1,_level_5,30,340
1,_level_5,27,341
1,_level_5,23,342
1,_level_5,19,343
1,_level_5,22,344
1,_level_5,26,345
1,_level_5,29,346
1,_level_5,25,347
1,_level_5,20,348
1,_level_5,24,349
1,_level_5,53,350
1,_level_6,7,1
1,_level_6,8,2
1,_level_6,12,3
1,_level_6,14,4
1,_level_6,17,5
1,_level_6,15,6
1,_level_6,13,7
1,_level_6,16,8
1,_level_6,34,9
1,_level_6,32,10
1,_level_6,31,11
1,_level_6,29,12
1,_level_6,25,13
1,_level_6,24,14
1,_level_6,58,15
1,_level_6,59,16
1,_level_6,63,17
1,_level_6,63,18
1,_level_6,66,19
1,_level_6,68,20
1,_level_6,51,21
1,_level_6,49,22
1,_level_6,48,23
1,_level_6,42,24
1,_level_6,41,25
1,_level_6,7,26
1,_level_6,8,27
1,_level_6,14,28
1,_level_6,14,29
1,_level_6,15,30
1,_level_6,17,31
1,_level_6,34,32
1,_level_6,31,33
1,_level_6,32,34
1,_level_6,29,35
1,_level_6,25,36
1,_level_6,24,37
1,_level_6,58,38
1,_level_6,59,39
1,_level_6,63,40
1,_level_6,66,41
1,_level_6,68,42
1,_level_6,65,43
1,_level_6,51,44
1,_level_6,49,45
1,_level_6,48,46
1,_level_6,46,47
1,_level_6,42,48
1,_level_6,41,49
1,_level_6,7,50
1,_level_6,8,51
1,_level_6,14,52
1,_level_6,15,53
1,_level_6,17,54
1,_level_6,34,55
1,_level_6,32,56
1,_level_6,29,57
1,_level_6,31,58
1,_level_6,25,59
1,_level_6,24,60
1,_level_6,58,61
1,_level_6,59,62
1,_level_6,63,63
1,_level_6,66,64
1,_level_6,68,65
1,_level_6,51,66
1,_level_6,49,67
1,_level_6,48,68
1,_level_6,46,69
1,_level_6,42,70
1,_level_6,41,71
1,_level_6,7,72
1,_level_6,8,73
1,_level_6,12,74
1,_level_6,12,75
1,_level_6,15,76
1,_level_6,17,77
1,_level_6,34,78
1,_level_6,32,79
1,_level_6,31,80
1,_level_6,25,81
1,_level_6,24,82
1,_level_6,58,83
1,_level_6,59,84
1,_level_6,65,85
1,_level_6,63,86
1,_level_6,66,87
1,_level_6,68,88
1,_level_6,51,89
1,_level_6,49,90
1,_level_6,48,91
1,_level_6,42,92
1,_level_6,41,93
1,_level_6,7,94
1,_level_6,8,95
1,_level_6,14,96
1,_level_6,15,97
1,_level_6,17,98
1,_level_6,34,99
1,_level_6,32,100
1,_level_6,29,101
1,_level_6,25,102
1,_level_6,24,103
1,_level_6,31,104
1,_level_6,58,105
1,_level_6,59,106
1,_level_6,63,107
1,_level_6,65,108
1,_level_6,66,109
1,_level_6,68,110
1,_level_6,51,111
1,_level_6,49,112
1,_level_6,48,113
1,_level_6,46,114
1,_level_6,42,115
1,_level_6,41,116
1,_level_6,7,117
1,_level_6,8,118
1,_level_6,12,119
1,_level_6,14,120
1,_level_6,15,121
1,_level_6,17,122
1,_level_6,34,123
1,_level_6,34,124
1,_level_6,31,125
1,_level_6,24,126
1,_level_6,25,127
1,_level_6,29,128
1,_level_6,58,129
1,_level_6,59,130
1,_level_6,65,131
1,_level_6,63,132
1,_level_6,66,133
1,_level_6,68,134
1,_level_6,51,135
1,_level_6,49,136
1,_level_6,48,137
1,_level_6,46,138
1,_level_6,42,139
1,_level_6,41,140
1,_level_6,7,141
1,_level_6,8,142
1,_level_6,12,143
1,_level_6,14,144
1,_level_6,15,145
1,_level_6,17,146
1,_level_6,34,147
1,_level_6,31,148
1,_level_6,25,149
1,_level_6,29,150
1,_level_6,32,151
1,_level_6,24,152
1,_level_6,58,153
1,_level_6,59,154
1,_level_6,63,155
1,_level_6,63,156
1,_level_6,66,157
1,_level_6,68,158
1,_level_6,51,159
1,_level_6,49,160
1,_level_6,48,161
1,_level_6,46,162
1,_level_6,42,163
1,_level_6,41,164
1,_level_6,7,165
1,_level_6,8,166
1,_level_6,12,167
1,_level_6,12,168
1,_level_6,15,169
1,_level_6,17,170
1,_level_6,34,171
1,_level_6,32,172
1,_level_6,31,173
1,_level_6,25,174
1,_level_6,24,175
1,_level_6,58,176
1,_level_6,59,177
1,_level_6,63,178
1,_level_6,66,179
1,_level_6,68,180
1,_level_6,65,181
1,_level_6,51,182
1,_level_6,49,183
1,_level_6,48,184
1,_level_6,46,185
1,_level_6,42,186
1,_level_6,41,187
1,_level_6,7,188
1,_level_6,8,189
1,_level_6,14,190
1,_level_6,12,191
1,_level_6,15,192
1,_level_6,17,193
1,_level_6,34,194
1,_level_6,32,195
1,_level_6,31,196
1,_level_6,29,197
1,_level_6,25,198
1,_level_6,24,199
1,_level_6,58,200
1,_level_6,59,201
1,_level_6,63,202
1,_level_6,63,203
1,_level_6,66,204
1,_level_6,68,205
1,_level_6,51,206
1,_level_6,49,207
1,_level_7,8,1
1,_level_7,5,2
1,_level_7,3,3
1,_level_7,1,4
1,_level_7,4,5
1,_level_7,6,6
1,_level_7,6,7
1,_level_7,10,8
1,_level_7,10,9
1,_level_7,11,10
1,_level_7,33,11
1,_level_7,27,12
1,_level_7,27,13
1,_level_7,21,14
1,_level_7,18,15
1,_level_7,19,16
1,_level_7,23,17
1,_level_7,26,18
1,_level_7,25,19
1,_level_7,24,20
1,_level_7,54,21
1,_level_7,54,22
1,_level_7,55,23
1,_level_7,57,24
1,_level_7,61,25
1,_level_7,62,26
1,_level_7,64,27
1,_level_7,60,28
1,_level_7,56,29
1,_level_7,63,30
1,_level_7,67,31
1,_level_7,50,32
1,_level_7,44,33
1,_level_7,38,34
1,_level_7,40,35
1,_level_7,43,36
1,_level_7,47,37
1,_level_7,45,38
1,_level_7,36,39
1,_level_7,35,40
1,_level_7,39,41
1,_level_7,42,42
1,_level_7,3,43
1,_level_7,6,44
1,_level_7,6,45
1,_level_7,1,46
1,_level_7,4,47
1,_level_7,10,48
1,_level_7,10,49
1,_level_7,11,50
1,_level_7,13,51
1,_level_7,9,52
1,_level_7,9,53
1,_level_7,16,54
1,_level_7,33,55
1,_level_7,28,56
1,_level_7,27,57
1,_level_7,23,58
1,_level_7,21,59
1,_level_7,19,60
1,_level_7,18,61
1,_level_7,20,62
1,_level_7,22,63
1,_level_7,26,64
1,_level_7,29,65
1,_level_7,24,66
1,_level_7,52,67
1,_level_7,54,68
1,_level_7,55,69
1,_level_7,57,70
1,_level_7,61,71
1,_level_7,62,72
1,_level_7,64,73
1,_level_7,60,74
1,_level_7,67,75
1,_level_7,50,76
1,_level_7,44,77
1,_level_7,40,78
1,_level_7,38,79
1,_level_7,36,80
1,_level_7,43,81
1,_level_7,47,82
1,_level_7,45,83
1,_level_7,35,84
1,_level_7,37,85
1,_level_7,1,86
1,_level_7,3,87
1,_level_7,4,88
1,_level_7,6,89
1,_level_7,6,90
1,_level_7,10,91
1,_level_7,10,92
1,_level_7,11,93
1,_level_7,13,94
1,_level_7,16,95
1,_level_7,33,96
1,_level_7,28,97
1,_level_7,27,98
1,_level_7,23,99
1,_level_7,21,100
1,_level_7,19,101
1,_level_7,18,102
1,_level_7,20,103
1,_level_7,22,104
1,_level_7,26,105
1,_level_7,29,106
1,_level_7,25,107
1,_level_7,24,108
1,_level_7,53,109
1,_level_7,52,110
1,_level_7,54,111
1,_level_7,57,112
1,_level_7,55,113
1,_level_7,61,114
1,_level_7,62,115
1,_level_7,64,116
1,_level_7,60,117
1,_level_7,63,118
1,_level_7,66,119
1,_level_7,67,120
1,_level_7,50,121
1,_level_7,44,122
1,_level_7,44,123
1,_level_7,40,124
1,_level_7,38,125
1,_level_7,36,126
1,_level_7,35,127
1,_level_7,39,128
1,_level_7,43,129
1,_level_7,46,130
1,_level_7,42,131
1,_level_7,37,132
1,_level_7,1,133
1,_level_7,3,134
1,_level_7,6,135
1,_level_7,6,136
1,_level_7,4,137
1,_level_7,10,138
1,_level_7,10,139
1,_level_7,11,140
1,_level_7,16,141
1,_level_7,15,142
1,_level_7,15,143
1,_level_7,9,144
1,_level_7,9,145
1,_level_7,33,146
1,_level_7,27,147
1,_level_7,27,148
1,_level_7,21,149
1,_level_7,23,150
1,_level_7,19,151
1,_level_7,18,152
1,_level_7,20,153
1,_level_7,22,154
1,_level_7,26,155
1,_level_7,29,156
1,_level_7,25,157
1,_level_7,24,158
1,_level_7,52,159
1,_level_7,54,160
1,_level_7,57,161
1,_level_7,55,162
1,_level_7,61,163
1,_level_7,64,164
1,_level_7,60,165
1,_level_7,62,166
1,_level_7,45,167
1,_level_7,44,168
1,_level_7,40,169
1,_level_7,38,170
1,_level_7,36,171
1,_level_7,35,172
1,_level_7,43,173
1,_level_7,39,174
1,_level_7,37,175
1,_level_7,1,176
1,_level_7,3,177
1,_level_7,6,178
1,_level_7,6,179
1,_level_7,10,180
1,_level_7,10,181
1,_level_7,4,182
1,_level_7,11,183
1,_level_7,28,184
1,_level_7,27,185
1,_level_7,23,186
1,_level_7,23,187
1,_level_7,19,188
1,_level_7,20,189
1,_level_7,22,190
1,_level_7,18,191
1,_level_7,26,192
1,_level_7,29,193
1,_level_7,52,194
1,_level_7,54,195
1,_level_7,55,196
1,_level_7,57,197
1,_level_7,61,198
1,_level_7,62,199
1,_level_7,60,200
1,_level_7,56,201
1,_level_7,63,202
1,_level_7,66,203
1,_level_7,64,204
1,_level_7,67,205
1,_level_7,50,206
1,_level_7,44,207
1,_level_7,44,208
1,_level_7,38,209
1,_level_7,38,210
1,_level_7,36,211
1,_level_7,35,212
1,_level_7,1,213
1,_level_7,4,214
1,_level_7,6,215
1,_level_7,6,216
1,_level_7,9,217
1,_level_7,9,218
1,_level_7,10,219
1,_level_7,10,220
1,_level_7,11,221
1,_level_7,3,222
1,_level_7,13,223
1,_level_7,16,224
1,_level_7,27,225
1,_level_7,27,226
1,_level_7,21,227
1,_level_7,23,228
1,_level_7,19,229
1,_level_7,18,230
1,_level_7,20,231
1,_level_7,22,232
1,_level_7,26,233
1,_level_7,29,234
1,_level_7,25,235
1,_level_7,24,236
1,_level_7,53,237
1,_level_7,54,238
1,_level_7,52,239
1,_level_7,55,240
1,_level_7,57,241
1,_level_7,60,242
1,_level_7,56,243
1,_level_7,61,244
1,_level_7,62,245
1,_level_7,67,246
1,_level_7,50,247
1,_level_7,47,248
1,_level_7,44,249
1,_level_7,45,250
1,_level_7,38,251
1,_level_7,40,252
1,_level_7,36,253
1,_level_7,37,254
1,_level_7,35,255
1,_level_7,39,256
1,_level_7,1,257
1,_level_7,3,258
1,_level_7,4,259
1,_level_7,6,260
1,_level_7,6,261
1,_level_7,10,262
1,_level_7,10,263
1,_level_7,11,264
1,_level_7,13,265
1,_level_7,12,266
1,_level_7,15,267
1,_level_7,15,268
1,_level_7,15,269
1,_level_7,33,270
1,_level_7,30,271
1,_level_7,26,272
1,_level_7,23,273
1,_level_7,27,274
1,_level_7,21,275
1,_level_7,19,276
1,_level_7,20,277
1,_level_7,20,278
1,_level_8,35,1
1,_level_8,37,2
1,_level_8,39,3
1,_level_8,36,4
1,_level_8,42,5
1,_level_8,41,6
1,_level_8,61,7
1,_level_8,60,8
1,_level_8,55,9
1,_level_8,54,10
1,_level_8,52,11
1,_level_8,34,12
1,_level_8,32,13
1,_level_8,33,14
1,_level_8,27,15
1,_level_8,28,16
1,_level_8,7,17
1,_level_8,8,18
1,_level_8,12,19
1,_level_8,14,20
1,_level_8,15,21
1,_level_8,17,22
1,_level_8,35,23
1,_level_8,37,24
1,_level_8,36,25
1,_level_8,39,26
1,_level_8,42,27
1,_level_8,41,28
1,_level_8,61,29
1,_level_8,60,30
1,_level_8,55,31
1,_level_8,54,32
1,_level_8,52,33
1,_level_8,34,34
1,_level_8,32,35
1,_level_8,33,36
1,_level_8,27,37
1,_level_8,28,38
1,_level_8,7,39
1,_level_8,8,40
1,_level_8,14,41
1,_level_8,15,42
1,_level_8,17,43
1,_level_8,35,44
1,_level_8,37,45
1,_level_8,39,46
1,_level_8,36,47
1,_level_8,42,48
1,_level_8,41,49
1,_level_8,61,50
1,_level_8,60,51
1,_level_8,57,52
1,_level_8,55,53
1,_level_8,54,54
1,_level_8,52,55
1,_level_8,34,56
1,_level_8,32,57
1,_level_8,33,58
1,_level_8,30,59
1,_level_8,27,60
1,_level_8,28,61
1,_level_8,7,62
1,_level_8,8,63
1,_level_8,12,64
1,_level_8,12,65
1,_level_8,15,66
1,_level_8,17,67
1,_level_8,35,68
1,_level_8,37,69
1,_level_8,39,70
1,_level_8,42,71
1,_level_8,41,72
1,_level_8,36,73
1,_level_8,61,74
1,_level_8,60,75
1,_level_8,55,76
1,_level_8,54,77
1,_level_8,52,78
1,_level_8,34,79
1,_level_8,32,80
1,_level_8,30,81
1,_level_8,33,82
1,_level_8,27,83
1,_level_8,28,84
1,_level_8,7,85
1,_level_8,14,86
1,_level_8,12,87
1,_level_8,8,88
1,_level_8,5,89
1,_level_8,15,90
1,_level_8,17,91
1,_level_8,35,92
1,_level_8,37,93
1,_level_8,39,94
1,_level_8,36,95
1,_level_8,42,96
1,_level_8,41,97
1,_level_8,61,98
1,_level_8,60,99
1,_level_8,57,100
1,_level_8,55,101
1,_level_8,54,102
1,_level_8,52,103
1,_level_8,34,104
1,_level_8,32,105
1,_level_8,33,106
1,_level_8,30,107
1,_level_8,27,108
1,_level_8,28,109
1,_level_8,7,110
1,_level_8,8,111
1,_level_8,14,112
1,_level_8,12,113
1,_level_8,15,114
1,_level_8,17,115
1,_level_8,35,116
1,_level_8,37,117
1,_level_8,36,118
1,_level_8,36,119
1,_level_8,42,120
1,_level_8,41,121
1,_level_8,61,122
1,_level_8,60,123
1,_level_8,57,124
1,_level_8,55,125
1,_level_8,52,126
1,_level_8,54,127
1,_level_8,34,128
1,_level_8,32,129
1,_level_8,33,130
1,_level_8,30,131
1,_level_8,27,132
1,_level_8,28,133
1,_level_8,7,134
1,_level_8,8,135
1,_level_8,14,136
1,_level_8,12,137
1,_level_8,15,138
1,_level_8,17,139
1,_level_8,35,140
1,_level_8,37,141
1,_level_8,39,142
1,_level_8,36,143
1,_level_8,41,144
1,_level_8,41,145
1,_level_8,48,146
1,_level_8,61,147
1,_level_8,60,148
1,_level_8,57,149
1,_level_8,55,150
1,_level_8,54,151
1,_level_8,34,152
1,_level_8,32,153
1,_level_8,30,154
1,_level_8,33,155
1,_level_8,27,156
1,_level_8,28,157
1,_level_8,7,158
1,_level_8,8,159
1,_level_8,14,160
1,_level_8,14,161
1,_level_8,15,162
1,_level_8,17,163
1,_level_8,35,164
1,_level_8,37,165
1,_level_8,36,166
1,_level_8,39,167
1,_level_8,42,168
1,_level_8,41,169
1,_level_8,61,170
1,_level_8,60,171
1,_level_8,52,172
1,_level_8,54,173
1,_level_8,34,174
1,_level_8,32,175
1,_level_8,33,176
1,_level_8,30,177
1,_level_8,27,178
1,_level_8,28,179
1,_level_8,7,180
1,_level_8,8,181
1,_level_8,14,182
1,_level_8,12,183
1,_level_8,15,184
1,_level_8,17,185
1,_level_8,35,186
1,_level_8,37,187
1,_level_8,39,188
1,_level_8,42,189
1,_level_8,41,190
1,_level_8,36,191
1,_level_8,61,192
1,_level_8,60,193
1,_level_8,57,194
1,_level_8,55,195
1,_level_8,54,196
1,_level_8,52,197
1,_level_8,34,198
1,_level_8,32,199
1,_level_8,30,200
1,_level_8,27,201
1,_level_8,28,202
1,_level_8,33,203
1,_level_8,36,204
1,_level_8,39,205
1,_level_8,42,206
1,_level_8,41,207
1,_level_9,35,1
1,_level_9,37,2
1,_level_9,37,3
1,_level_9,37,4
1,_level_9,38,5
1,_level_9,45,6
1,_level_9,44,7
1,_level_9,47,8
1,_level_9,49,9
1,_level_9,51,10
1,_level_9,50,11
1,_level_9,43,12
1,_level_9,40,13
1,_level_9,11,14
1,_level_9,10,15
1,_level_9,4,16
1,_level_9,6,17
1,_level_9,3,18
1,_level_9,1,19
1,_level_9,5,20
1,_level_9,9,21
1,_level_9,12,22
1,_level_9,27,23
1,_level_9,26,24
1,_level_9,30,25
1,_level_9,33,26
1,_level_9,39,27
1,_level_9,43,28
1,_level_9,46,29
1,_level_9,46,30
1,_level_9,51,31
1,_level_9,50,32
1,_level_9,47,33
1,_level_9,44,34
1,_level_9,45,35
1,_level_9,40,36
1,_level_9,38,37
1,_level_9,16,38
1,_level_9,13,39
1,_level_9,10,40
1,_level_9,6,41
1,_level_9,6,42
1,_level_9,4,43
1,_level_9,11,44
1,_level_9,3,45
1,_level_9,1,46
1,_level_9,12,47
1,_level_9,15,48
1,_level_9,17,49
1,_level_9,38,50
1,_level_9,44,51
1,_level_9,45,52
1,_level_9,50,53
1,_level_9,50,54
1,_level_9,51,55
1,_level_9,49,56
1,_level_9,48,57
1,_level_9,46,58
1,_level_9,43,59
1,_level_9,40,60
1,_level_9,13,61
1,_level_9,13,62
1,_level_9,6,63
1,_level_9,3,64
1,_level_9,1,65
1,_level_9,4,66
1,_level_9,10,67
1,_level_9,10,68
1,_level_9,9,69
1,_level_9,12,70
1,_level_9,17,71
1,_level_9,38,72
1,_level_9,40,73
1,_level_9,44,74
1,_level_9,45,75
1,_level_9,50,76
1,_level_9,51,77
1,_level_9,49,78
1,_level_9,46,79
1,_level_9,43,80
1,_level_9,47,81
1,_level_9,15,82
1,_level_9,17,83
1,_level_9,12,84
1,_level_9,9,85
1,_level_9,6,86
1,_level_9,5,87
1,_level_9,5,88
1,_level_9,1,89
1,_level_9,4,90
1,_level_9,11,91
1,_level_9,11,92
1,_level_9,13,93
1,_level_9,13,94
1,_level_9,45,95
1,_level_9,44,96
1,_level_9,47,97
1,_level_9,47,98
1,_level_9,49,99
1,_level_9,51,100
1,_level_9,48,101
1,_level_9,46,102
1,_level_9,43,103
1,_level_9,40,104
1,_level_9,38,105
1,_level_9,17,106
1,_level_9,15,107
1,_level_9,13,108
1,_level_9,9,109
1,_level_9,5,110
1,_level_9,2,111
1,_level_9,3,112
1,_level_9,1,113
1,_level_9,6,114
1,_level_9,4,115
1,_level_9,10,116
1,_level_9,11,117
1,_level_9,16,118
1,_level_9,45,119
1,_level_9,44,120
1,_level_9,47,121
1,_level_9,50,122
1,_level_9,49,123
1,_level_9,51,124
1,_level_9,48,125
1,_level_9,46,126
1,_level_9,43,127
1,_level_9,40,128
1,_level_9,38,129
1,_level_9,17,130
1,_level_9,15,131
1,_level_9,9,132
1,_level_9,5,133
1,_level_9,2,134
1,_level_9,3,135
1,_level_9,1,136
1,_level_9,4,137
1,_level_9,6,138
1,_level_9,10,139
1,_level_9,16,140
1,_level_9,11,141
1,_level_9,13,142
1,_level_9,45,143
1,_level_9,44,144
1,_level_9,47,145
1,_level_9,49,146
1,_level_9,51,147
1,_level_9,50,148
1,_level_9,46,149
1,_level_9,43,150
1,_level_9,40,151
1,_level_9,38,152
1,_level_9,16,153
1,_level_9,13,154
1,_level_9,9,155
1,_level_9,5,156
1,_level_9,2,157
1,_level_9,1,158
1,_level_9,3,159
1,_level_9,6,160
1,_level_9,4,161
1,_level_9,10,162
1,_level_9,11,163
1,_level_9,45,164
1,_level_9,44,165
1,_level_9,50,166
1,_level_9,47,167
1,_level_9,49,168
1,_level_9,51,169
1,_level_9,46,170
1,_level_9,43,171
1,_level_9,39,172
1,_level_9,40,173
1,_level_9,38,174
1,_level_9,16,175
1,_level_9,13,176
1,_level_9,9,177
1,_level_9,5,178
1,_level_9,3,179
1,_level_9,1,180
1,_level_9,4,181
1,_level_9,10,182
1,_level_9,11,183
1,_level_9,6,184
1,_level_9,15,185
1,_level_9,12,186
1,_level_9,14,187
1,_level_9,38,188
1,_level_9,45,189
1,_level_9,44,190
1,_level_9,47,191
1,_level_9,47,192
1,_level_9,49,193
1,_level_9,51,194
1,_level_9,48,195
1,_level_9,46,196
1,_level_9,43,197
1,_level_9,40,198
1,_level_9,17,199
1,_level_9,16,200
1,_level_9,13,201
1,_level_9,9,202
1,_level_9,5,203
1,_level_9,2,204
1,_level_9,3,205
1,_level_9,1,206
1,_level_9,6,207
1,_level_9,4,208
1,_level_9,10,209
1,_level_9,11,210
1,_level_9,45,211
1,_level_9,44,212
1,_level_9,47,213
1,_level_9,50,214
1,_level_9,49,215
1,_level_9,51,216
1,_level_9,48,217
1,_level_9,46,218
1,_level_9,43,219
1,_level_9,40,220
1,_level_9,38,221
1,_level_9,17,222
1,_level_9,16,223
1,_level_9,13,224
1,_level_9,15,225
1,_level_9,12,226
1,_level_9,12,227
1,_level_9,8,228
1,_level_9,8,229
1,_level_9,2,230
1,_level_9,3,231
1,_level_9,1,232
1,_level_9,4,233
1,_level_9,6,234
1,_level_9,10,235
1,_level_9,11,236
1,_level_9,45,237
1,_level_9,50,238
1,_level_9,47,239
1,_level_9,49,240
1,_level_9,46,241
1,_level_9,51,242
1,_level_9,48,243
1,_level_9,43,244
1,_level_9,44,245
1,_level_9,38,246
1,_level_9,16,247
1,_level_9,13,248
1,_level_9,9,249
1,_level_9,5,250
1,_level_9,3,251
1,_level_9,1,252
1,_level_9,4,253
1,_level_9,6,254
1,_level_9,10,255
1,_level_9,11,256
1,_level_9,45,257
1,_level_9,44,258
1,_level_9,50,259
1,_level_9,47,260
1,_level_9,49,261
1,_level_9,51,262
1,_level_9,48,263
1,_level_9,46,264
1,_level_9,43,265
1,_level_9,40,266
1,_level_9,38,267
1,_level_9,16,268
1,_level_9,13,269
1,_level_9,9,270
1,_level_9,5,271
1,_level_9,1,272
1,_level_9,1,273
1,_level_9,4,274
1,_level_9,4,275
1,_level_9,10,276
1,_level_9,11,277
1,_level_9,45,278
1,_level_9,44,279
1,_level_9,47,280
1,_level_9,50,281
1,_level_9,49,282
1,_level_9,51,283
1,_level_9,48,284
1,_level_9,46,285
1,_level_9,43,286
1,_level_9,40,287
1,_level_9,38,288
1,_level_9,16,289
1,_level_9,13,290
1,_level_9,9,291
1,_level_9,5,292
1,_level_9,2,293
1,_level_9,3,294
1,_level_9,6,295
1,_level_10,36,1
1,_level_10,39,2
1,_level_10,39,3
1,_level_10,46,4
1,_level_10,49,5
1,_level_10,50,6
1,_level_10,47,7
1,_level_10,43,8
1,_level_10,40,9
1,_level_10,38,10
1,_level_10,35,11
1,_level_10,17,12
1,_level_10,15,13
1,_level_10,13,14
1,_level_10,10,15
1,_level_10,6,16
1,_level_10,3,17
1,_level_10,5,18
1,_level_10,8,19
1,_level_10,12,20
1,_level_10,9,21
1,_level_10,7,22
1,_level_10,14,23
1,_level_10,35,24
1,_level_10,38,25
1,_level_10,45,26
1,_level_10,44,27
1,_level_10,47,28
1,_level_10,50,29
1,_level_10,51,30
1,_level_10,49,31
1,_level_10,46,32
1,_level_10,43,33
1,_level_10,39,34
1,_level_10,40,35
1,_level_10,40,36
1,_level_10,17,37
1,_level_10,15,38
1,_level_10,14,39
1,_level_10,12,40
1,_level_10,9,41
1,_level_10,5,42
1,_level_10,8,43
1,_level_10,3,44
1,_level_10,6,45
1,_level_10,10,46
1,_level_10,13,47
1,_level_10,16,48
1,_level_10,38,49
1,_level_10,44,50
1,_level_10,47,51
1,_level_10,49,52
1,_level_10,48,53
1,_level_10,46,54
1,_level_10,42,55
1,_level_10,39,56
1,_level_10,37,57
1,_level_10,35,58
1,_level_10,36,59
1,_level_10,43,60
1,_level_10,40,61
1,_level_10,17,62
1,_level_10,15,63
1,_level_10,12,64
1,_level_10,8,65
1,_level_10,5,66
1,_level_10,9,67
1,_level_10,6,68
1,_level_10,10,69
1,_level_10,3,70
1,_level_10,1,71
1,_level_10,4,72
1,_level_10,13,73
1,_level_10,16,74
1,_level_10,38,75
1,_level_10,40,76
1,_level_10,44,77
1,_level_10,50,78
1,_level_10,49,79
1,_level_10,47,80
1,_level_10,43,81
1,_level_10,42,82
1,_level_10,39,83
1,_level_10,37,84
1,_level_10,35,85
1,_level_10,17,86
1,_level_10,15,87
1,_level_10,12,88
1,_level_10,12,89
1,_level_10,8,90
1,_level_10,5,91
1,_level_10,6,92
1,_level_10,10,93
1,_level_10,13,94
1,_level_10,9,95
1,_level_10,16,96
1,_level_10,38,97
1,_level_10,40,98
1,_level_10,44,99
1,_level_10,47,100
1,_level_10,50,101
1,_level_10,51,102
1,_level_10,48,103
1,_level_10,46,104
1,_level_10,43,105
1,_level_10,42,106
1,_level_10,39,107
1,_level_10,37,108
1,_level_10,35,109
1,_level_10,17,110
1,_level_10,15,111
1,_level_10,12,112
1,_level_10,8,113
1,_level_10,5,114
1,_level_10,9,115
1,_level_10,3,116
1,_level_10,3,117
1,_level_10,13,118
1,_level_10,16,119
1,_level_10,10,120
1,_level_10,14,121
1,_level_10,35,122
1,_level_10,38,123
1,_level_10,40,124
1,_level_10,44,125
1,_level_10,50,126
1,_level_10,49,127
1,_level_10,46,128
1,_level_10,43,129
1,_level_10,42,130
1,_level_10,39,131
1,_level_10,37,132
1,_level_10,17,133
1,_level_10,15,134
1,_level_10,14,135
1,_level_10,14,136
1,_level_10,8,137
1,_level_10,5,138
1,_level_10,3,139
1,_level_10,6,140
1,_level_10,9,141
1,_level_10,13,142
1,_level_10,10,143
1,_level_10,16,144
1,_level_10,38,145
1,_level_10,40,146
1,_level_10,44,147
1,_level_10,50,148
1,_level_10,49,149
1,_level_10,48,150
1,_level_10,46,151
1,_level_10,43,152
1,_level_10,47,153
1,_level_10,42,154
1,_level_10,39,155
1,_level_10,37,156
1,_level_10,35,157
1,_level_10,17,158
1,_level_10,15,159
1,_level_10,12,160
1,_level_10,8,161
1,_level_10,5,162
1,_level_10,3,163
1,_level_10,6,164
1,_level_10,9,165
1,_level_10,13,166
1,_level_10,10,167
1,_level_10,11,168
1,_level_10,4,169
1,_level_10,2,170
1,_level_10,7,171
1,_level_10,28,172
1,_level_10,27,173
1,_level_10,33,174
1,_level_10,36,175
1,_level_10,39,176
1,_level_10,46,177
1,_level_10,49,178
1,_level_10,51,179
1,_level_10,50,180
1,_level_10,47,181
1,_level_10,47,182
1,_level_10,43,183
1,_level_10,40,184
1,_level_10,37,185
1,_level_10,35,186
1,_level_10,17,187
1,_level_10,15,188
1,_level_10,14,189
1,_level_10,8,190
1,_level_10,5,191
1,_level_10,3,192
1,_level_10,1,193
1,_level_10,6,194
1,_level_10,10,195
1,_level_10,13,196
1,_level_10,9,197
1,_level_10,12,198
1,_level_10,38,199
1,_level_10,40,200
1,_level_10,44,201
1,_level_10,50,202
1,_level_10,49,203
1,_level_10,47,204
1,_level_10,43,205
1,_level_10,42,206
1,_level_10,46,207
1,_level_10,39,208
1,_level_10,37,209
1,_level_10,35,210
1,_level_10,17,211
1,_level_10,15,212
1,_level_10,12,213
1,_level_10,14,214
1,_level_10,8,215
1,_level_10,5,216
1,_level_10,2,217
1,_level_10,1,218
1,_level_10,3,219
1,_level_10,4,220
1,_level_10,4,221
1,_level_10,10,222
1,_level_10,13,223
1,_level_10,9,224
1,_level_10,16,225
1,_level_10,38,226
1,_level_10,40,227
1,_level_10,44,228
1,_level_10,47,229
1,_level_10,50,230
1,_level_10,51,231
1,_level_10,48,232
1,_level_10,46,233
1,_level_10,43,234
1,_level_10,39,235
1,_level_10,37,236
1,_level_10,35,237
1,_level_10,17,238
1,_level_10,14,239
1,_level_10,12,240
1,_level_10,9,241
1,_level_10,5,242
1,_level_10,5,243
1,_level_10,3,244
1,_level_10,6,245
1,_level_10,13,246
1,_level_10,15,247
1,_level_10,38,248
1,_level_10,44,249
1,_level_10,44,250
1,_level_10,47,251
1,_level_10,50,252
1,_level_10,49,253
1,_level_10,46,254
1,_level_10,43,255
1,_level_10,39,256
1,_level_10,42,257
1,_level_10,37,258
1,_level_10,35,259
1,_level_10,17,260
1,_level_10,15,261
1,_level_10,12,262
1,_level_10,8,263
1,_level_10,5,264
1,_level_10,3,265
1,_level_10,6,266
1,_level_10,9,267
1,_level_10,13,268
1,_level_10,16,269
1,_level_10,10,270
1,_level_10,14,271
1,_level_10,37,272
1,_level_10,39,273
1,_level_10,43,274
1,_level_10,47,275
1,_level_10,50,276
1,_level_10,49,277
1,_level_10,46,278
1,_level_10,40,279
1,_level_10,38,280
1,_level_10,35,281
1,_level_10,17,282
1,_level_10,15,283
1,_level_10,12,284
1,_level_10,8,285
1,_level_10,5,286
1,_level_10,3,287
1,_level_10,6,288
1,_level_10,9,289
1,_level_10,9,290
1,_level_10,10,291
1,_level_10,16,292
1,_level_10,35,293
1,_level_10,38,294
1,_level_10,40,295
1,_level_10,44,296
1,_level_10,43,297
1,_level_10,47,298
1,_level_10,50,299
1,_level_10,51,300
1,_level_10,48,301
1,_level_10,46,302
1,_level_10,39,303
1,_level_10,39,304
1,_level_10,37,305
1,_level_10,17,306
1,_level_10,15,307
1,_level_10,16,308
1,_level_10,16,309
1,_level_10,10,310
1,_level_10,6,311
1,_level_10,3,312
1,_level_10,5,313
1,_level_10,9,314
1,_level_10,12,315
1,_level_10,8,316
1,_level_10,7,317
1,_level_10,14,318
1,_level_10,35,319
1,_level_10,37,320
1,_level_10,40,321
1,_level_10,44,322
1,_level_10,47,323
1,_level_10,49,324
1,_level_10,48,325
1,_level_10,46,326
1,_level_10,43,327
1,_level_10,39,328
1,_level_10,36,329
1,_level_10,17,330
1,_level_10,15,331
1,_level_10,13,332
1,_level_10,10,333
1,_level_10,6,334
1,_level_10,3,335
1,_level_10,5,336
1,_level_10,9,337
1,_level_10,12,338
1,_level_10,8,339
1,_level_10,16,340
1,_level_10,38,341
1,_level_10,37,342
1,_level_10,40,343
1,_level_10,44,344
1,_level_10,47,345
1,_level_10,46,346
1,_level_10,42,347
1,_level_10,39,348
1,_level_10,36,349
1,_level_10,43,350
